,CÓDIGO,REGIÃO,SEXO,Candidato
0,2608,NORDESTE,MASCULINO,FULANO DE TAL
1,1064,NORDESTE,FEMININO,BELTRANO DE TAL
2,1170,SUL,FEMININO,BELTRANO DE TAL
3,5428,SUL,FEMININO,BELTRANO DE TAL
4,6675,SUL,FEMININO,BELTRANO DE TAL
5,2338,NORDESTE,MASCULINO,CICRANO DE TAL
6,6167,SULDESTE,MASCULINO,FULANO DE TAL
7,1288,NORDESTE,MASCULINO,FULANO DE TAL
8,8613,SULDESTE,FEMININO,BELTRANO DE TAL
9,3456,CENTRO-OESTE,FEMININO,BELTRANO DE TAL
10,5552,SULDESTE,MASCULINO,CICRANO DE TAL
11,4312,SUL,MASCULINO,BELTRANO DE TAL
12,6849,SULDESTE,FEMININO,BELTRANO DE TAL
13,4153,CENTRO-OESTE,FEMININO,BELTRANO DE TAL
14,9809,CENTRO-OESTE,MASCULINO,FULANO DE TAL
15,1822,CENTRO-OESTE,MASCULINO,BELTRANO DE TAL
16,8903,CENTRO-OESTE,MASCULINO,FULANO DE TAL
17,7953,CENTRO-OESTE,MASCULINO,BELTRANO DE TAL
18,7128,SULDESTE,MASCULINO,BELTRANO DE TAL
19,2718,NORDESTE,MASCULINO,FULANO DE TAL
20,1114,NORDESTE,FEMININO,BELTRANO DE TAL
21,4620,NORDESTE,FEMININO,BELTRANO DE TAL
22,9329,CENTRO-OESTE,MASCULINO,CICRANO DE TAL
23,3595,SULDESTE,FEMININO,BELTRANO DE TAL
24,7078,NORDESTE,FEMININO,CICRANO DE TAL
25,3514,NORTE,FEMININO,FULANO DE TAL
26,5635,SULDESTE,FEMININO,CICRANO DE TAL
27,5669,SUL,MASCULINO,CICRANO DE TAL
28,3650,NORTE,FEMININO,BELTRANO DE TAL
29,1348,CENTRO-OESTE,MASCULINO,BELTRANO DE TAL
30,7710,SUL,MASCULINO,BELTRANO DE TAL
31,5905,SUL,FEMININO,FULANO DE TAL
32,7674,SULDESTE,FEMININO,FULANO DE TAL
33,1829,CENTRO-OESTE,MASCULINO,FULANO DE TAL
34,8958,NORTE,FEMININO,BELTRANO DE TAL
35,1749,NORDESTE,FEMININO,FULANO DE TAL
36,5416,SULDESTE,FEMININO,BELTRANO DE TAL
37,1828,CENTRO-OESTE,MASCULINO,BELTRANO DE TAL
38,7359,SULDESTE,MASCULINO,CICRANO DE TAL
39,8885,CENTRO-OESTE,FEMININO,BELTRANO DE TAL
40,3423,NORDESTE,FEMININO,BELTRANO DE TAL
41,1871,SULDESTE,FEMININO,BELTRANO DE TAL
42,6434,CENTRO-OESTE,MASCULINO,BELTRANO DE TAL
43,2518,SULDESTE,FEMININO,BELTRANO DE TAL
44,6984,SULDESTE,MASCULINO,BELTRANO DE TAL
45,1904,SUL,MASCULINO,BELTRANO DE TAL
46,5694,SULDESTE,MASCULINO,FULANO DE TAL
47,7785,NORDESTE,FEMININO,FULANO DE TAL
48,2812,SULDESTE,FEMININO,CICRANO DE TAL
49,7416,SULDESTE,MASCULINO,FULANO DE TAL
50,8190,NORDESTE,FEMININO,FULANO DE TAL
51,5004,SUL,MASCULINO,BELTRANO DE TAL
52,9889,SULDESTE,FEMININO,BELTRANO DE TAL
53,4174,NORTE,FEMININO,BELTRANO DE TAL
54,3380,SUL,MASCULINO,BELTRANO DE TAL
55,4910,SUL,FEMININO,BELTRANO DE TAL
56,4570,CENTRO-OESTE,MASCULINO,FULANO DE TAL
57,8530,SULDESTE,MASCULINO,CICRANO DE TAL
58,7017,SULDESTE,FEMININO,BELTRANO DE TAL
59,5113,NORTE,FEMININO,CICRANO DE TAL
60,9750,SULDESTE,MASCULINO,CICRANO DE TAL
61,8717,SUL,MASCULINO,FULANO DE TAL
62,3065,SULDESTE,MASCULINO,BELTRANO DE TAL
63,2007,NORTE,FEMININO,FULANO DE TAL
64,8134,SUL,MASCULINO,BELTRANO DE TAL
65,5628,SULDESTE,FEMININO,BELTRANO DE TAL
66,4444,CENTRO-OESTE,FEMININO,BELTRANO DE TAL
67,4590,SUL,MASCULINO,FULANO DE TAL
68,6493,CENTRO-OESTE,FEMININO,CICRANO DE TAL
69,1794,SUL,FEMININO,BELTRANO DE TAL
70,9518,SULDESTE,MASCULINO,CICRANO DE TAL
71,7007,NORDESTE,FEMININO,BELTRANO DE TAL
72,3030,SUL,FEMININO,BELTRANO DE TAL
73,7244,SULDESTE,FEMININO,BELTRANO DE TAL
74,5739,NORDESTE,MASCULINO,CICRANO DE TAL
75,4056,NORDESTE,FEMININO,CICRANO DE TAL
76,8089,SUL,FEMININO,BELTRANO DE TAL
77,8265,CENTRO-OESTE,MASCULINO,FULANO DE TAL
78,5613,SULDESTE,MASCULINO,FULANO DE TAL
79,7041,SULDESTE,MASCULINO,FULANO DE TAL
80,8155,SULDESTE,FEMININO,BELTRANO DE TAL
81,4528,NORTE,MASCULINO,FULANO DE TAL
82,3350,NORTE,MASCULINO,FULANO DE TAL
83,2692,SULDESTE,FEMININO,BELTRANO DE TAL
84,6768,SULDESTE,FEMININO,BELTRANO DE TAL
85,7569,NORDESTE,FEMININO,BELTRANO DE TAL
86,5853,CENTRO-OESTE,MASCULINO,BELTRANO DE TAL
87,8103,SUL,FEMININO,FULANO DE TAL
88,2693,SUL,FEMININO,CICRANO DE TAL
89,1735,NORDESTE,FEMININO,BELTRANO DE TAL
90,2443,SULDESTE,FEMININO,FULANO DE TAL
91,2243,SULDESTE,MASCULINO,BELTRANO DE TAL
92,6707,CENTRO-OESTE,FEMININO,FULANO DE TAL
93,4644,SUL,FEMININO,BELTRANO DE TAL
94,4370,SULDESTE,MASCULINO,FULANO DE TAL
95,7313,SUL,MASCULINO,CICRANO DE TAL
96,6363,SUL,MASCULINO,FULANO DE TAL
97,7640,CENTRO-OESTE,FEMININO,BELTRANO DE TAL
98,9986,CENTRO-OESTE,FEMININO,FULANO DE TAL
99,7531,CENTRO-OESTE,FEMININO,BELTRANO DE TAL
100,1373,CENTRO-OESTE,FEMININO,FULANO DE TAL
101,9943,SULDESTE,MASCULINO,FULANO DE TAL
102,1870,NORTE,MASCULINO,BELTRANO DE TAL
103,3349,SULDESTE,MASCULINO,BELTRANO DE TAL
104,3641,SULDESTE,MASCULINO,BELTRANO DE TAL
105,6119,SULDESTE,MASCULINO,BELTRANO DE TAL
106,2455,CENTRO-OESTE,FEMININO,BELTRANO DE TAL
107,4291,CENTRO-OESTE,FEMININO,BELTRANO DE TAL
108,1344,SUL,MASCULINO,FULANO DE TAL
109,8368,SULDESTE,FEMININO,FULANO DE TAL
110,2480,NORTE,FEMININO,BELTRANO DE TAL
111,1803,SUL,MASCULINO,BELTRANO DE TAL
112,3403,NORTE,MASCULINO,BELTRANO DE TAL
113,5152,SULDESTE,MASCULINO,BELTRANO DE TAL
114,8431,SULDESTE,MASCULINO,CICRANO DE TAL
115,4252,SULDESTE,MASCULINO,BELTRANO DE TAL
116,3765,SULDESTE,MASCULINO,BELTRANO DE TAL
117,8590,SULDESTE,MASCULINO,BELTRANO DE TAL
118,2529,SULDESTE,FEMININO,FULANO DE TAL
119,7951,SUL,MASCULINO,BELTRANO DE TAL
120,3743,SULDESTE,FEMININO,BELTRANO DE TAL
121,6090,NORDESTE,MASCULINO,FULANO DE TAL
122,2002,SULDESTE,FEMININO,FULANO DE TAL
123,8459,CENTRO-OESTE,FEMININO,FULANO DE TAL
124,6349,SUL,FEMININO,BELTRANO DE TAL
125,3812,SULDESTE,FEMININO,BELTRANO DE TAL
126,4338,SULDESTE,FEMININO,BELTRANO DE TAL
127,1639,SULDESTE,FEMININO,FULANO DE TAL
128,3489,SULDESTE,FEMININO,FULANO DE TAL
129,8635,SULDESTE,MASCULINO,FULANO DE TAL
130,5535,CENTRO-OESTE,MASCULINO,BELTRANO DE TAL
131,6226,SULDESTE,MASCULINO,BELTRANO DE TAL
132,5097,CENTRO-OESTE,FEMININO,BELTRANO DE TAL
133,9520,SUL,FEMININO,BELTRANO DE TAL
134,6466,SULDESTE,FEMININO,BELTRANO DE TAL
135,5871,NORDESTE,MASCULINO,FULANO DE TAL
136,7918,SUL,FEMININO,BELTRANO DE TAL
137,9194,SULDESTE,MASCULINO,FULANO DE TAL
138,1479,NORTE,FEMININO,BELTRANO DE TAL
139,2575,SULDESTE,FEMININO,BELTRANO DE TAL
140,2028,SUL,FEMININO,BELTRANO DE TAL
141,8090,SULDESTE,FEMININO,CICRANO DE TAL
142,9367,CENTRO-OESTE,MASCULINO,BELTRANO DE TAL
143,9258,NORTE,FEMININO,BELTRANO DE TAL
144,5045,SULDESTE,MASCULINO,FULANO DE TAL
145,8397,SULDESTE,FEMININO,BELTRANO DE TAL
146,4295,SULDESTE,MASCULINO,BELTRANO DE TAL
147,3472,SULDESTE,FEMININO,CICRANO DE TAL
148,7945,SUL,FEMININO,FULANO DE TAL
149,9919,SULDESTE,FEMININO,BELTRANO DE TAL
150,7557,SUL,MASCULINO,BELTRANO DE TAL
151,3224,SULDESTE,FEMININO,BELTRANO DE TAL
152,5791,NORDESTE,MASCULINO,CICRANO DE TAL
153,2600,CENTRO-OESTE,MASCULINO,FULANO DE TAL
154,4935,SULDESTE,MASCULINO,FULANO DE TAL
155,4697,CENTRO-OESTE,MASCULINO,BELTRANO DE TAL
156,5730,NORDESTE,FEMININO,BELTRANO DE TAL
157,5020,SULDESTE,FEMININO,CICRANO DE TAL
158,1908,CENTRO-OESTE,FEMININO,BELTRANO DE TAL
159,8336,NORTE,FEMININO,FULANO DE TAL
160,1248,CENTRO-OESTE,MASCULINO,BELTRANO DE TAL
161,3583,NORDESTE,MASCULINO,BELTRANO DE TAL
162,2109,SULDESTE,FEMININO,FULANO DE TAL
163,4545,NORTE,FEMININO,BELTRANO DE TAL
164,3032,NORTE,MASCULINO,FULANO DE TAL
165,7853,CENTRO-OESTE,FEMININO,BELTRANO DE TAL
166,3691,SUL,FEMININO,BELTRANO DE TAL
167,1918,SUL,MASCULINO,FULANO DE TAL
168,7125,NORTE,MASCULINO,BELTRANO DE TAL
169,2218,SULDESTE,MASCULINO,BELTRANO DE TAL
170,5865,CENTRO-OESTE,FEMININO,FULANO DE TAL
171,5384,NORDESTE,MASCULINO,BELTRANO DE TAL
172,7594,SULDESTE,MASCULINO,CICRANO DE TAL
173,3661,CENTRO-OESTE,FEMININO,BELTRANO DE TAL
174,3593,NORDESTE,MASCULINO,FULANO DE TAL
175,8953,SUL,MASCULINO,BELTRANO DE TAL
176,7435,SULDESTE,MASCULINO,CICRANO DE TAL
177,3717,CENTRO-OESTE,MASCULINO,BELTRANO DE TAL
178,6062,SULDESTE,MASCULINO,CICRANO DE TAL
179,3240,SULDESTE,FEMININO,CICRANO DE TAL
180,7015,SUL,FEMININO,BELTRANO DE TAL
181,4264,SULDESTE,FEMININO,FULANO DE TAL
182,8575,SULDESTE,MASCULINO,FULANO DE TAL
183,5189,SULDESTE,MASCULINO,FULANO DE TAL
184,7229,SULDESTE,MASCULINO,FULANO DE TAL
185,4564,NORTE,MASCULINO,CICRANO DE TAL
186,5891,SULDESTE,MASCULINO,FULANO DE TAL
187,2456,SULDESTE,MASCULINO,BELTRANO DE TAL
188,7152,SULDESTE,MASCULINO,FULANO DE TAL
189,6915,CENTRO-OESTE,FEMININO,FULANO DE TAL
190,1524,SULDESTE,FEMININO,BELTRANO DE TAL
191,8392,CENTRO-OESTE,FEMININO,FULANO DE TAL
192,1336,CENTRO-OESTE,MASCULINO,BELTRANO DE TAL
193,1810,NORTE,MASCULINO,FULANO DE TAL
194,3393,SUL,FEMININO,FULANO DE TAL
195,1250,SUL,FEMININO,BELTRANO DE TAL
196,5753,NORDESTE,MASCULINO,BELTRANO DE TAL
197,1736,SULDESTE,FEMININO,BELTRANO DE TAL
198,5762,CENTRO-OESTE,FEMININO,BELTRANO DE TAL
199,6876,CENTRO-OESTE,FEMININO,BELTRANO DE TAL
200,9612,CENTRO-OESTE,FEMININO,CICRANO DE TAL
201,4780,NORTE,MASCULINO,FULANO DE TAL
202,5529,NORDESTE,MASCULINO,CICRANO DE TAL
203,4722,SUL,FEMININO,BELTRANO DE TAL
204,2424,SULDESTE,FEMININO,BELTRANO DE TAL
205,3815,SULDESTE,FEMININO,BELTRANO DE TAL
206,5656,NORTE,FEMININO,CICRANO DE TAL
207,4792,SULDESTE,MASCULINO,FULANO DE TAL
208,5666,CENTRO-OESTE,FEMININO,CICRANO DE TAL
209,3987,SUL,FEMININO,BELTRANO DE TAL
210,7803,CENTRO-OESTE,MASCULINO,BELTRANO DE TAL
211,3516,CENTRO-OESTE,FEMININO,BELTRANO DE TAL
212,4224,NORDESTE,FEMININO,BELTRANO DE TAL
213,1834,CENTRO-OESTE,MASCULINO,FULANO DE TAL
214,8690,CENTRO-OESTE,FEMININO,FULANO DE TAL
215,3447,SULDESTE,MASCULINO,FULANO DE TAL
216,3241,SULDESTE,MASCULINO,CICRANO DE TAL
217,2220,SULDESTE,MASCULINO,BELTRANO DE TAL
218,1565,NORDESTE,MASCULINO,FULANO DE TAL
219,1778,NORDESTE,MASCULINO,BELTRANO DE TAL
220,6211,SULDESTE,MASCULINO,FULANO DE TAL
221,3003,SUL,MASCULINO,BELTRANO DE TAL
222,2187,NORDESTE,FEMININO,CICRANO DE TAL
223,5419,CENTRO-OESTE,MASCULINO,FULANO DE TAL
224,5721,CENTRO-OESTE,MASCULINO,CICRANO DE TAL
225,1366,CENTRO-OESTE,FEMININO,BELTRANO DE TAL
226,9881,NORDESTE,MASCULINO,BELTRANO DE TAL
227,5265,SULDESTE,FEMININO,BELTRANO DE TAL
228,9240,CENTRO-OESTE,FEMININO,CICRANO DE TAL
229,3391,CENTRO-OESTE,MASCULINO,CICRANO DE TAL
230,7024,CENTRO-OESTE,MASCULINO,BELTRANO DE TAL
231,4461,SUL,FEMININO,BELTRANO DE TAL
232,9407,SULDESTE,FEMININO,FULANO DE TAL
233,5234,SULDESTE,MASCULINO,FULANO DE TAL
234,8686,SULDESTE,FEMININO,FULANO DE TAL
235,4016,SUL,MASCULINO,BELTRANO DE TAL
236,9849,NORDESTE,FEMININO,BELTRANO DE TAL
237,4555,SULDESTE,FEMININO,BELTRANO DE TAL
238,6315,SULDESTE,MASCULINO,BELTRANO DE TAL
239,6621,CENTRO-OESTE,FEMININO,BELTRANO DE TAL
240,9935,SULDESTE,MASCULINO,BELTRANO DE TAL
241,4071,NORDESTE,MASCULINO,FULANO DE TAL
242,5131,SULDESTE,FEMININO,CICRANO DE TAL
243,3708,NORDESTE,MASCULINO,BELTRANO DE TAL
244,6755,SULDESTE,MASCULINO,CICRANO DE TAL
245,6588,SUL,MASCULINO,BELTRANO DE TAL
246,6358,SUL,FEMININO,CICRANO DE TAL
247,9158,NORTE,FEMININO,CICRANO DE TAL
248,6830,SUL,FEMININO,FULANO DE TAL
249,2540,SULDESTE,FEMININO,BELTRANO DE TAL
250,1148,SULDESTE,FEMININO,FULANO DE TAL
251,9777,SULDESTE,FEMININO,FULANO DE TAL
252,3520,SULDESTE,FEMININO,FULANO DE TAL
253,3204,CENTRO-OESTE,MASCULINO,BELTRANO DE TAL
254,3038,SULDESTE,MASCULINO,CICRANO DE TAL
255,8245,SULDESTE,FEMININO,CICRANO DE TAL
256,6343,SULDESTE,MASCULINO,CICRANO DE TAL
257,2973,NORTE,MASCULINO,BELTRANO DE TAL
258,4556,CENTRO-OESTE,FEMININO,FULANO DE TAL
259,5924,CENTRO-OESTE,MASCULINO,FULANO DE TAL
260,6981,CENTRO-OESTE,MASCULINO,FULANO DE TAL
261,1559,SUL,MASCULINO,FULANO DE TAL
262,2053,SULDESTE,MASCULINO,BELTRANO DE TAL
263,4585,SULDESTE,FEMININO,CICRANO DE TAL
264,5429,NORTE,MASCULINO,CICRANO DE TAL
265,1784,SULDESTE,FEMININO,BELTRANO DE TAL
266,7356,SUL,MASCULINO,FULANO DE TAL
267,1943,NORDESTE,MASCULINO,BELTRANO DE TAL
268,3942,CENTRO-OESTE,MASCULINO,BELTRANO DE TAL
269,1489,SULDESTE,MASCULINO,BELTRANO DE TAL
270,3141,NORTE,FEMININO,BELTRANO DE TAL
271,6310,SULDESTE,FEMININO,BELTRANO DE TAL
272,6079,SULDESTE,FEMININO,BELTRANO DE TAL
273,3751,SULDESTE,FEMININO,CICRANO DE TAL
274,4220,SULDESTE,FEMININO,BELTRANO DE TAL
275,8021,SULDESTE,MASCULINO,FULANO DE TAL
276,2181,SULDESTE,MASCULINO,FULANO DE TAL
277,2642,CENTRO-OESTE,FEMININO,CICRANO DE TAL
278,5987,NORDESTE,FEMININO,FULANO DE TAL
279,2037,SULDESTE,MASCULINO,BELTRANO DE TAL
280,6284,SULDESTE,FEMININO,CICRANO DE TAL
281,1440,CENTRO-OESTE,MASCULINO,BELTRANO DE TAL
282,5735,CENTRO-OESTE,MASCULINO,BELTRANO DE TAL
283,9631,SULDESTE,MASCULINO,FULANO DE TAL
284,4347,NORDESTE,MASCULINO,BELTRANO DE TAL
285,2807,CENTRO-OESTE,MASCULINO,BELTRANO DE TAL
286,3792,SULDESTE,FEMININO,BELTRANO DE TAL
287,8139,SULDESTE,FEMININO,FULANO DE TAL
288,1063,SULDESTE,MASCULINO,BELTRANO DE TAL
289,9776,NORDESTE,MASCULINO,BELTRANO DE TAL
290,1256,SUL,FEMININO,CICRANO DE TAL
291,1574,NORTE,MASCULINO,CICRANO DE TAL
292,8058,CENTRO-OESTE,FEMININO,BELTRANO DE TAL
293,8034,SUL,MASCULINO,FULANO DE TAL
294,6183,SUL,FEMININO,BELTRANO DE TAL
295,9466,SUL,MASCULINO,BELTRANO DE TAL
296,5677,SUL,FEMININO,FULANO DE TAL
297,6566,SULDESTE,FEMININO,BELTRANO DE TAL
298,4112,SULDESTE,FEMININO,BELTRANO DE TAL
299,1653,SULDESTE,FEMININO,CICRANO DE TAL
300,4542,CENTRO-OESTE,FEMININO,FULANO DE TAL
301,2190,NORDESTE,FEMININO,CICRANO DE TAL
302,1343,NORTE,FEMININO,CICRANO DE TAL
303,7201,SUL,FEMININO,BELTRANO DE TAL
304,7451,SUL,FEMININO,FULANO DE TAL
305,1128,SULDESTE,FEMININO,BELTRANO DE TAL
306,3390,NORDESTE,FEMININO,FULANO DE TAL
307,5545,CENTRO-OESTE,MASCULINO,BELTRANO DE TAL
308,3614,SULDESTE,FEMININO,BELTRANO DE TAL
309,3264,CENTRO-OESTE,MASCULINO,CICRANO DE TAL
310,7878,NORTE,FEMININO,FULANO DE TAL
311,3546,SULDESTE,MASCULINO,FULANO DE TAL
312,9094,SULDESTE,FEMININO,FULANO DE TAL
313,2126,SUL,MASCULINO,BELTRANO DE TAL
314,8124,NORDESTE,MASCULINO,BELTRANO DE TAL
315,3059,SULDESTE,MASCULINO,BELTRANO DE TAL
316,7104,SULDESTE,MASCULINO,CICRANO DE TAL
317,2675,SUL,FEMININO,CICRANO DE TAL
318,2674,SUL,MASCULINO,BELTRANO DE TAL
319,2931,SULDESTE,MASCULINO,BELTRANO DE TAL
320,1282,SUL,MASCULINO,BELTRANO DE TAL
321,8038,CENTRO-OESTE,FEMININO,BELTRANO DE TAL
322,7795,CENTRO-OESTE,MASCULINO,BELTRANO DE TAL
323,6348,NORTE,FEMININO,FULANO DE TAL
324,7897,SULDESTE,MASCULINO,BELTRANO DE TAL
325,4100,CENTRO-OESTE,FEMININO,BELTRANO DE TAL
326,8207,CENTRO-OESTE,MASCULINO,CICRANO DE TAL
327,6458,NORTE,MASCULINO,BELTRANO DE TAL
328,1814,CENTRO-OESTE,MASCULINO,BELTRANO DE TAL
329,9855,SULDESTE,MASCULINO,FULANO DE TAL
330,4995,SULDESTE,MASCULINO,BELTRANO DE TAL
331,1294,SULDESTE,MASCULINO,FULANO DE TAL
332,8622,CENTRO-OESTE,FEMININO,FULANO DE TAL
333,8780,NORDESTE,MASCULINO,BELTRANO DE TAL
334,8477,CENTRO-OESTE,MASCULINO,FULANO DE TAL
335,2079,CENTRO-OESTE,MASCULINO,CICRANO DE TAL
336,2895,CENTRO-OESTE,FEMININO,BELTRANO DE TAL
337,8373,SULDESTE,FEMININO,FULANO DE TAL
338,7718,SULDESTE,FEMININO,BELTRANO DE TAL
339,8209,SULDESTE,MASCULINO,BELTRANO DE TAL
340,5176,CENTRO-OESTE,FEMININO,BELTRANO DE TAL
341,7980,SUL,FEMININO,BELTRANO DE TAL
342,3507,CENTRO-OESTE,FEMININO,BELTRANO DE TAL
343,9296,NORTE,MASCULINO,BELTRANO DE TAL
344,3475,CENTRO-OESTE,FEMININO,BELTRANO DE TAL
345,9628,SULDESTE,MASCULINO,FULANO DE TAL
346,8407,CENTRO-OESTE,MASCULINO,FULANO DE TAL
347,8251,SULDESTE,FEMININO,BELTRANO DE TAL
348,7817,SULDESTE,FEMININO,BELTRANO DE TAL
349,1259,CENTRO-OESTE,MASCULINO,FULANO DE TAL
350,9393,SULDESTE,MASCULINO,FULANO DE TAL
351,8174,NORDESTE,MASCULINO,BELTRANO DE TAL
352,9657,NORDESTE,FEMININO,FULANO DE TAL
353,5181,CENTRO-OESTE,FEMININO,FULANO DE TAL
354,1706,SUL,MASCULINO,BELTRANO DE TAL
355,1525,NORDESTE,FEMININO,BELTRANO DE TAL
356,2704,SULDESTE,FEMININO,BELTRANO DE TAL
357,7049,SULDESTE,FEMININO,FULANO DE TAL
358,6764,CENTRO-OESTE,FEMININO,FULANO DE TAL
359,1976,CENTRO-OESTE,MASCULINO,FULANO DE TAL
360,1851,CENTRO-OESTE,FEMININO,BELTRANO DE TAL
361,6737,SULDESTE,FEMININO,BELTRANO DE TAL
362,5539,SULDESTE,MASCULINO,FULANO DE TAL
363,1382,SUL,FEMININO,FULANO DE TAL
364,9126,SULDESTE,MASCULINO,BELTRANO DE TAL
365,6793,SULDESTE,FEMININO,CICRANO DE TAL
366,4651,CENTRO-OESTE,FEMININO,FULANO DE TAL
367,3097,NORDESTE,MASCULINO,BELTRANO DE TAL
368,3123,SULDESTE,FEMININO,BELTRANO DE TAL
369,3760,SUL,MASCULINO,BELTRANO DE TAL
370,6696,SULDESTE,FEMININO,FULANO DE TAL
371,2325,SUL,FEMININO,FULANO DE TAL
372,3581,SUL,FEMININO,BELTRANO DE TAL
373,2963,SUL,FEMININO,BELTRANO DE TAL
374,4373,CENTRO-OESTE,MASCULINO,BELTRANO DE TAL
375,1493,CENTRO-OESTE,MASCULINO,FULANO DE TAL
376,2841,NORTE,MASCULINO,BELTRANO DE TAL
377,1693,SULDESTE,FEMININO,FULANO DE TAL
378,7940,SUL,FEMININO,BELTRANO DE TAL
379,8282,SULDESTE,MASCULINO,CICRANO DE TAL
380,7238,SULDESTE,MASCULINO,FULANO DE TAL
381,7405,CENTRO-OESTE,FEMININO,FULANO DE TAL
382,7102,SULDESTE,MASCULINO,BELTRANO DE TAL
383,5312,SULDESTE,FEMININO,BELTRANO DE TAL
384,7807,CENTRO-OESTE,FEMININO,BELTRANO DE TAL
385,5123,SULDESTE,FEMININO,BELTRANO DE TAL
386,4510,SULDESTE,MASCULINO,BELTRANO DE TAL
387,8222,NORTE,FEMININO,FULANO DE TAL
388,4936,SUL,FEMININO,BELTRANO DE TAL
389,6161,SULDESTE,FEMININO,FULANO DE TAL
390,9380,SULDESTE,MASCULINO,BELTRANO DE TAL
391,4134,SULDESTE,MASCULINO,BELTRANO DE TAL
392,6750,CENTRO-OESTE,MASCULINO,FULANO DE TAL
393,7523,CENTRO-OESTE,MASCULINO,FULANO DE TAL
394,8574,SUL,FEMININO,BELTRANO DE TAL
395,5374,SULDESTE,FEMININO,BELTRANO DE TAL
396,6782,NORTE,MASCULINO,FULANO DE TAL
397,4896,SULDESTE,FEMININO,BELTRANO DE TAL
398,4825,CENTRO-OESTE,MASCULINO,CICRANO DE TAL
399,4013,SULDESTE,MASCULINO,BELTRANO DE TAL
400,8006,CENTRO-OESTE,MASCULINO,CICRANO DE TAL
401,4070,SULDESTE,MASCULINO,BELTRANO DE TAL
402,6514,SULDESTE,FEMININO,BELTRANO DE TAL
403,8211,NORDESTE,FEMININO,BELTRANO DE TAL
404,5567,SULDESTE,FEMININO,FULANO DE TAL
405,7473,CENTRO-OESTE,FEMININO,CICRANO DE TAL
406,9562,SULDESTE,FEMININO,CICRANO DE TAL
407,1540,SULDESTE,MASCULINO,CICRANO DE TAL
408,8095,NORDESTE,FEMININO,BELTRANO DE TAL
409,5387,SUL,FEMININO,BELTRANO DE TAL
410,5743,SULDESTE,MASCULINO,BELTRANO DE TAL
411,5400,SULDESTE,MASCULINO,BELTRANO DE TAL
412,4594,NORDESTE,FEMININO,BELTRANO DE TAL
413,9782,SULDESTE,FEMININO,BELTRANO DE TAL
414,9593,CENTRO-OESTE,MASCULINO,BELTRANO DE TAL
415,6113,SUL,MASCULINO,BELTRANO DE TAL
416,7618,SUL,MASCULINO,BELTRANO DE TAL
417,8286,SUL,FEMININO,BELTRANO DE TAL
418,4591,SULDESTE,MASCULINO,BELTRANO DE TAL
419,2442,SUL,FEMININO,FULANO DE TAL
420,9442,SULDESTE,FEMININO,BELTRANO DE TAL
421,1842,SULDESTE,FEMININO,BELTRANO DE TAL
422,7814,SUL,FEMININO,FULANO DE TAL
423,6168,CENTRO-OESTE,FEMININO,CICRANO DE TAL
424,7277,CENTRO-OESTE,MASCULINO,CICRANO DE TAL
425,9444,SUL,FEMININO,FULANO DE TAL
426,4818,NORTE,FEMININO,FULANO DE TAL
427,6653,SULDESTE,MASCULINO,FULANO DE TAL
428,9609,SUL,MASCULINO,FULANO DE TAL
429,8149,NORTE,FEMININO,FULANO DE TAL
430,6224,SUL,FEMININO,BELTRANO DE TAL
431,6563,SUL,MASCULINO,BELTRANO DE TAL
432,2815,SUL,FEMININO,FULANO DE TAL
433,5122,SULDESTE,FEMININO,BELTRANO DE TAL
434,7411,NORTE,MASCULINO,FULANO DE TAL
435,1264,SULDESTE,FEMININO,FULANO DE TAL
436,5101,SULDESTE,MASCULINO,FULANO DE TAL
437,4998,NORTE,MASCULINO,BELTRANO DE TAL
438,4138,SULDESTE,MASCULINO,CICRANO DE TAL
439,6988,SUL,FEMININO,CICRANO DE TAL
440,3031,CENTRO-OESTE,FEMININO,BELTRANO DE TAL
441,6485,NORTE,MASCULINO,FULANO DE TAL
442,4629,SUL,MASCULINO,FULANO DE TAL
443,5086,CENTRO-OESTE,FEMININO,FULANO DE TAL
444,8495,SUL,FEMININO,FULANO DE TAL
445,9164,CENTRO-OESTE,FEMININO,BELTRANO DE TAL
446,1129,CENTRO-OESTE,FEMININO,BELTRANO DE TAL
447,6154,CENTRO-OESTE,MASCULINO,BELTRANO DE TAL
448,1449,SULDESTE,FEMININO,FULANO DE TAL
449,6868,SULDESTE,FEMININO,CICRANO DE TAL
450,8863,CENTRO-OESTE,FEMININO,FULANO DE TAL
451,5402,SULDESTE,MASCULINO,BELTRANO DE TAL
452,7046,CENTRO-OESTE,FEMININO,FULANO DE TAL
453,2867,SULDESTE,FEMININO,BELTRANO DE TAL
454,2258,SULDESTE,MASCULINO,BELTRANO DE TAL
455,8244,CENTRO-OESTE,FEMININO,BELTRANO DE TAL
456,1883,SUL,MASCULINO,BELTRANO DE TAL
457,6259,SUL,MASCULINO,CICRANO DE TAL
458,9826,CENTRO-OESTE,FEMININO,BELTRANO DE TAL
459,2579,SUL,FEMININO,BELTRANO DE TAL
460,3492,SULDESTE,FEMININO,FULANO DE TAL
461,4569,SULDESTE,MASCULINO,CICRANO DE TAL
462,9331,SULDESTE,FEMININO,FULANO DE TAL
463,8335,SULDESTE,MASCULINO,FULANO DE TAL
464,2993,SULDESTE,FEMININO,CICRANO DE TAL
465,2341,SUL,MASCULINO,FULANO DE TAL
466,9834,SULDESTE,FEMININO,CICRANO DE TAL
467,6875,NORDESTE,MASCULINO,FULANO DE TAL
468,7660,SULDESTE,FEMININO,BELTRANO DE TAL
469,4303,SULDESTE,MASCULINO,BELTRANO DE TAL
470,4225,NORTE,FEMININO,BELTRANO DE TAL
471,4200,NORTE,FEMININO,FULANO DE TAL
472,3642,SULDESTE,FEMININO,FULANO DE TAL
473,7465,NORDESTE,FEMININO,BELTRANO DE TAL
474,6839,CENTRO-OESTE,MASCULINO,FULANO DE TAL
475,7074,CENTRO-OESTE,MASCULINO,FULANO DE TAL
476,3117,NORDESTE,MASCULINO,BELTRANO DE TAL
477,8813,SULDESTE,FEMININO,BELTRANO DE TAL
478,6481,SULDESTE,FEMININO,FULANO DE TAL
479,2163,NORDESTE,FEMININO,FULANO DE TAL
480,8669,SUL,MASCULINO,BELTRANO DE TAL
481,9188,NORDESTE,FEMININO,FULANO DE TAL
482,4682,SULDESTE,FEMININO,FULANO DE TAL
483,9732,NORTE,MASCULINO,CICRANO DE TAL
484,6205,NORTE,FEMININO,CICRANO DE TAL
485,6456,SUL,MASCULINO,BELTRANO DE TAL
486,9700,SUL,MASCULINO,FULANO DE TAL
487,8589,NORTE,MASCULINO,BELTRANO DE TAL
488,8646,CENTRO-OESTE,FEMININO,CICRANO DE TAL
489,9224,SUL,MASCULINO,CICRANO DE TAL
490,2075,SUL,MASCULINO,BELTRANO DE TAL
491,2216,CENTRO-OESTE,MASCULINO,CICRANO DE TAL
492,9206,SULDESTE,MASCULINO,BELTRANO DE TAL
493,3848,NORDESTE,MASCULINO,CICRANO DE TAL
494,5713,SUL,MASCULINO,FULANO DE TAL
495,7480,SUL,MASCULINO,CICRANO DE TAL
496,6121,SULDESTE,FEMININO,FULANO DE TAL
497,3816,SULDESTE,MASCULINO,FULANO DE TAL
498,2523,SULDESTE,MASCULINO,BELTRANO DE TAL
499,9214,SULDESTE,FEMININO,BELTRANO DE TAL
500,5576,CENTRO-OESTE,FEMININO,FULANO DE TAL
501,6035,SULDESTE,MASCULINO,FULANO DE TAL
502,1934,CENTRO-OESTE,FEMININO,FULANO DE TAL
503,1628,SULDESTE,FEMININO,BELTRANO DE TAL
504,7812,SULDESTE,FEMININO,BELTRANO DE TAL
505,2034,SULDESTE,MASCULINO,BELTRANO DE TAL
506,9634,CENTRO-OESTE,MASCULINO,BELTRANO DE TAL
507,4922,CENTRO-OESTE,MASCULINO,BELTRANO DE TAL
508,8867,SULDESTE,MASCULINO,FULANO DE TAL
509,7295,SUL,FEMININO,FULANO DE TAL
510,7301,SULDESTE,MASCULINO,BELTRANO DE TAL
511,6804,CENTRO-OESTE,FEMININO,BELTRANO DE TAL
512,4718,NORDESTE,MASCULINO,BELTRANO DE TAL
513,7958,NORDESTE,MASCULINO,BELTRANO DE TAL
514,4652,CENTRO-OESTE,FEMININO,BELTRANO DE TAL
515,7589,SUL,MASCULINO,CICRANO DE TAL
516,9177,NORTE,FEMININO,FULANO DE TAL
517,7135,SUL,FEMININO,BELTRANO DE TAL
518,6245,SULDESTE,MASCULINO,BELTRANO DE TAL
519,8808,NORDESTE,FEMININO,BELTRANO DE TAL
520,6040,SULDESTE,FEMININO,FULANO DE TAL
521,7630,SUL,MASCULINO,FULANO DE TAL
522,1318,NORTE,FEMININO,FULANO DE TAL
523,7194,CENTRO-OESTE,MASCULINO,FULANO DE TAL
524,8587,NORTE,FEMININO,BELTRANO DE TAL
525,3443,SULDESTE,MASCULINO,CICRANO DE TAL
526,4579,SUL,MASCULINO,FULANO DE TAL
527,9515,NORTE,MASCULINO,BELTRANO DE TAL
528,2355,SULDESTE,FEMININO,FULANO DE TAL
529,5009,SULDESTE,MASCULINO,FULANO DE TAL
530,3466,NORTE,MASCULINO,FULANO DE TAL
531,2493,CENTRO-OESTE,MASCULINO,FULANO DE TAL
532,7515,NORDESTE,FEMININO,FULANO DE TAL
533,6643,SUL,FEMININO,BELTRANO DE TAL
534,9150,SULDESTE,FEMININO,BELTRANO DE TAL
535,3655,SULDESTE,MASCULINO,CICRANO DE TAL
536,7902,SULDESTE,FEMININO,BELTRANO DE TAL
537,9726,NORDESTE,FEMININO,CICRANO DE TAL
538,4519,SUL,MASCULINO,BELTRANO DE TAL
539,5423,SUL,MASCULINO,FULANO DE TAL
540,3432,SULDESTE,MASCULINO,FULANO DE TAL
541,5712,SULDESTE,MASCULINO,BELTRANO DE TAL
542,8073,NORDESTE,MASCULINO,BELTRANO DE TAL
543,5836,CENTRO-OESTE,MASCULINO,CICRANO DE TAL
544,3018,SULDESTE,FEMININO,FULANO DE TAL
545,7468,CENTRO-OESTE,FEMININO,FULANO DE TAL
546,6908,SULDESTE,FEMININO,BELTRANO DE TAL
547,8202,CENTRO-OESTE,FEMININO,BELTRANO DE TAL
548,8817,SULDESTE,FEMININO,FULANO DE TAL
549,2437,SULDESTE,MASCULINO,FULANO DE TAL
550,6006,SUL,MASCULINO,FULANO DE TAL
551,3093,CENTRO-OESTE,MASCULINO,FULANO DE TAL
552,1866,CENTRO-OESTE,FEMININO,BELTRANO DE TAL
553,5073,NORDESTE,MASCULINO,BELTRANO DE TAL
554,9392,SULDESTE,FEMININO,FULANO DE TAL
555,1093,SULDESTE,FEMININO,FULANO DE TAL
556,7218,SULDESTE,MASCULINO,BELTRANO DE TAL
557,2918,CENTRO-OESTE,MASCULINO,FULANO DE TAL
558,3163,NORDESTE,FEMININO,FULANO DE TAL
559,2769,SULDESTE,FEMININO,BELTRANO DE TAL
560,1590,SUL,FEMININO,CICRANO DE TAL
561,2132,CENTRO-OESTE,MASCULINO,FULANO DE TAL
562,2894,NORTE,MASCULINO,BELTRANO DE TAL
563,7320,NORDESTE,MASCULINO,BELTRANO DE TAL
564,3126,SULDESTE,FEMININO,FULANO DE TAL
565,3518,SUL,FEMININO,BELTRANO DE TAL
566,7875,NORTE,MASCULINO,BELTRANO DE TAL
567,3510,SULDESTE,FEMININO,BELTRANO DE TAL
568,1191,SULDESTE,MASCULINO,CICRANO DE TAL
569,9620,SULDESTE,MASCULINO,BELTRANO DE TAL
570,4503,CENTRO-OESTE,MASCULINO,BELTRANO DE TAL
571,8965,SULDESTE,FEMININO,BELTRANO DE TAL
572,9181,NORTE,FEMININO,CICRANO DE TAL
573,1880,SUL,FEMININO,CICRANO DE TAL
574,7802,NORTE,FEMININO,FULANO DE TAL
575,9684,SULDESTE,MASCULINO,BELTRANO DE TAL
576,7635,NORDESTE,FEMININO,BELTRANO DE TAL
577,9037,SUL,FEMININO,FULANO DE TAL
578,2609,SULDESTE,MASCULINO,FULANO DE TAL
579,6428,SUL,FEMININO,FULANO DE TAL
580,8493,CENTRO-OESTE,FEMININO,FULANO DE TAL
581,7179,SUL,MASCULINO,BELTRANO DE TAL
582,6967,SULDESTE,MASCULINO,BELTRANO DE TAL
583,8186,SULDESTE,FEMININO,BELTRANO DE TAL
584,1520,SUL,FEMININO,BELTRANO DE TAL
585,2576,NORTE,FEMININO,CICRANO DE TAL
586,2806,SUL,FEMININO,FULANO DE TAL
587,7592,SUL,MASCULINO,BELTRANO DE TAL
588,7200,SULDESTE,MASCULINO,BELTRANO DE TAL
589,8946,CENTRO-OESTE,FEMININO,FULANO DE TAL
590,8227,SULDESTE,MASCULINO,BELTRANO DE TAL
591,2201,CENTRO-OESTE,MASCULINO,CICRANO DE TAL
592,2359,SULDESTE,FEMININO,FULANO DE TAL
593,9378,NORDESTE,MASCULINO,CICRANO DE TAL
594,4263,SULDESTE,MASCULINO,BELTRANO DE TAL
595,3953,SUL,MASCULINO,BELTRANO DE TAL
596,7300,SULDESTE,FEMININO,CICRANO DE TAL
597,3869,SULDESTE,MASCULINO,FULANO DE TAL
598,3191,NORDESTE,MASCULINO,BELTRANO DE TAL
599,2392,SULDESTE,MASCULINO,FULANO DE TAL
600,6584,SULDESTE,MASCULINO,BELTRANO DE TAL
601,9373,NORTE,FEMININO,CICRANO DE TAL
602,1691,SULDESTE,MASCULINO,FULANO DE TAL
603,2238,NORTE,MASCULINO,BELTRANO DE TAL
604,7563,NORDESTE,FEMININO,FULANO DE TAL
605,7885,SULDESTE,MASCULINO,BELTRANO DE TAL
606,1486,SULDESTE,MASCULINO,FULANO DE TAL
607,4582,NORDESTE,FEMININO,BELTRANO DE TAL
608,5915,CENTRO-OESTE,FEMININO,FULANO DE TAL
609,1684,SULDESTE,FEMININO,FULANO DE TAL
610,2906,CENTRO-OESTE,FEMININO,BELTRANO DE TAL
611,4770,CENTRO-OESTE,MASCULINO,FULANO DE TAL
612,2621,CENTRO-OESTE,FEMININO,BELTRANO DE TAL
613,9382,SUL,MASCULINO,FULANO DE TAL
614,9760,SULDESTE,MASCULINO,BELTRANO DE TAL
615,5193,CENTRO-OESTE,MASCULINO,FULANO DE TAL
616,7888,SULDESTE,FEMININO,CICRANO DE TAL
617,1563,SUL,FEMININO,CICRANO DE TAL
618,6410,SULDESTE,MASCULINO,CICRANO DE TAL
619,8150,CENTRO-OESTE,FEMININO,BELTRANO DE TAL
620,4185,NORTE,FEMININO,BELTRANO DE TAL
621,1301,CENTRO-OESTE,MASCULINO,BELTRANO DE TAL
622,9275,SULDESTE,FEMININO,FULANO DE TAL
623,5849,SULDESTE,FEMININO,FULANO DE TAL
624,2676,SUL,MASCULINO,BELTRANO DE TAL
625,5167,SULDESTE,FEMININO,CICRANO DE TAL
626,9203,NORDESTE,FEMININO,FULANO DE TAL
627,9264,SULDESTE,FEMININO,FULANO DE TAL
628,2204,CENTRO-OESTE,MASCULINO,BELTRANO DE TAL
629,1360,SULDESTE,MASCULINO,FULANO DE TAL
630,1105,NORTE,FEMININO,FULANO DE TAL
631,3845,CENTRO-OESTE,MASCULINO,BELTRANO DE TAL
632,2449,NORDESTE,FEMININO,FULANO DE TAL
633,4625,NORTE,FEMININO,FULANO DE TAL
634,4427,SULDESTE,FEMININO,FULANO DE TAL
635,8369,CENTRO-OESTE,FEMININO,BELTRANO DE TAL
636,2962,CENTRO-OESTE,MASCULINO,FULANO DE TAL
637,7160,CENTRO-OESTE,FEMININO,FULANO DE TAL
638,2098,NORDESTE,FEMININO,FULANO DE TAL
639,5341,NORDESTE,FEMININO,BELTRANO DE TAL
640,5111,SULDESTE,MASCULINO,FULANO DE TAL
641,7898,SULDESTE,FEMININO,BELTRANO DE TAL
642,7199,SULDESTE,FEMININO,BELTRANO DE TAL
643,4359,SULDESTE,MASCULINO,BELTRANO DE TAL
644,3394,SULDESTE,MASCULINO,BELTRANO DE TAL
645,3075,CENTRO-OESTE,MASCULINO,FULANO DE TAL
646,7826,NORDESTE,MASCULINO,BELTRANO DE TAL
647,7547,CENTRO-OESTE,FEMININO,FULANO DE TAL
648,5094,SULDESTE,MASCULINO,BELTRANO DE TAL
649,7095,SUL,MASCULINO,FULANO DE TAL
650,5120,SULDESTE,MASCULINO,BELTRANO DE TAL
651,7672,NORDESTE,FEMININO,BELTRANO DE TAL
652,9851,SUL,FEMININO,CICRANO DE TAL
653,9225,SULDESTE,FEMININO,FULANO DE TAL
654,1907,CENTRO-OESTE,MASCULINO,CICRANO DE TAL
655,4108,CENTRO-OESTE,FEMININO,CICRANO DE TAL
656,2580,SULDESTE,FEMININO,CICRANO DE TAL
657,1675,NORTE,FEMININO,FULANO DE TAL
658,3322,CENTRO-OESTE,MASCULINO,FULANO DE TAL
659,6907,SULDESTE,MASCULINO,BELTRANO DE TAL
660,6763,SUL,MASCULINO,BELTRANO DE TAL
661,2570,SULDESTE,MASCULINO,FULANO DE TAL
662,7155,CENTRO-OESTE,MASCULINO,BELTRANO DE TAL
663,5691,SUL,FEMININO,FULANO DE TAL
664,9807,CENTRO-OESTE,MASCULINO,FULANO DE TAL
665,2234,SULDESTE,MASCULINO,BELTRANO DE TAL
666,5869,SULDESTE,FEMININO,BELTRANO DE TAL
667,3881,NORTE,FEMININO,FULANO DE TAL
668,5377,CENTRO-OESTE,MASCULINO,FULANO DE TAL
669,4892,NORTE,FEMININO,FULANO DE TAL
670,2402,NORDESTE,FEMININO,FULANO DE TAL
671,3297,SULDESTE,MASCULINO,BELTRANO DE TAL
672,9022,SULDESTE,FEMININO,CICRANO DE TAL
673,7065,SULDESTE,FEMININO,BELTRANO DE TAL
674,8454,SUL,MASCULINO,FULANO DE TAL
675,2616,SUL,MASCULINO,BELTRANO DE TAL
676,1869,SULDESTE,FEMININO,CICRANO DE TAL
677,8786,SUL,FEMININO,BELTRANO DE TAL
678,3912,SULDESTE,MASCULINO,BELTRANO DE TAL
679,4814,NORDESTE,FEMININO,BELTRANO DE TAL
680,2143,SUL,FEMININO,FULANO DE TAL
681,7063,NORTE,FEMININO,FULANO DE TAL
682,4012,SULDESTE,FEMININO,FULANO DE TAL
683,1627,NORTE,FEMININO,FULANO DE TAL
684,6262,CENTRO-OESTE,MASCULINO,BELTRANO DE TAL
685,4205,CENTRO-OESTE,FEMININO,BELTRANO DE TAL
686,9297,NORDESTE,MASCULINO,FULANO DE TAL
687,5165,CENTRO-OESTE,FEMININO,BELTRANO DE TAL
688,3665,SULDESTE,MASCULINO,FULANO DE TAL
689,6317,SUL,FEMININO,CICRANO DE TAL
690,6207,SULDESTE,MASCULINO,BELTRANO DE TAL
691,6106,NORTE,MASCULINO,BELTRANO DE TAL
692,9081,SUL,MASCULINO,BELTRANO DE TAL
693,2782,NORTE,MASCULINO,FULANO DE TAL
694,2923,NORTE,MASCULINO,BELTRANO DE TAL
695,7763,CENTRO-OESTE,FEMININO,BELTRANO DE TAL
696,9362,SULDESTE,MASCULINO,BELTRANO DE TAL
697,1397,SULDESTE,MASCULINO,CICRANO DE TAL
698,1664,CENTRO-OESTE,MASCULINO,BELTRANO DE TAL
699,2015,SULDESTE,FEMININO,FULANO DE TAL
700,8012,SULDESTE,FEMININO,CICRANO DE TAL
701,2934,CENTRO-OESTE,FEMININO,FULANO DE TAL
702,3333,SULDESTE,FEMININO,FULANO DE TAL
703,2561,SUL,MASCULINO,BELTRANO DE TAL
704,8379,SUL,FEMININO,BELTRANO DE TAL
705,2125,NORDESTE,MASCULINO,BELTRANO DE TAL
706,4180,CENTRO-OESTE,FEMININO,BELTRANO DE TAL
707,1078,NORTE,MASCULINO,BELTRANO DE TAL
708,1712,CENTRO-OESTE,FEMININO,BELTRANO DE TAL
709,5415,SUL,FEMININO,FULANO DE TAL
710,3620,SULDESTE,FEMININO,BELTRANO DE TAL
711,5690,CENTRO-OESTE,FEMININO,BELTRANO DE TAL
712,3395,SULDESTE,FEMININO,BELTRANO DE TAL
713,6274,CENTRO-OESTE,FEMININO,BELTRANO DE TAL
714,8168,NORTE,MASCULINO,BELTRANO DE TAL
715,4657,NORDESTE,FEMININO,BELTRANO DE TAL
716,7235,SULDESTE,MASCULINO,BELTRANO DE TAL
717,9388,CENTRO-OESTE,FEMININO,BELTRANO DE TAL
718,3063,SULDESTE,FEMININO,CICRANO DE TAL
719,1672,SULDESTE,FEMININO,FULANO DE TAL
720,8606,SUL,FEMININO,BELTRANO DE TAL
721,4447,CENTRO-OESTE,MASCULINO,FULANO DE TAL
722,7845,SULDESTE,FEMININO,FULANO DE TAL
723,7654,CENTRO-OESTE,MASCULINO,FULANO DE TAL
724,5697,NORDESTE,FEMININO,CICRANO DE TAL
725,6355,NORDESTE,FEMININO,BELTRANO DE TAL
726,9085,SUL,MASCULINO,BELTRANO DE TAL
727,2382,SUL,MASCULINO,BELTRANO DE TAL
728,2520,SULDESTE,FEMININO,FULANO DE TAL
729,6669,SULDESTE,FEMININO,FULANO DE TAL
730,2686,CENTRO-OESTE,MASCULINO,BELTRANO DE TAL
731,1643,CENTRO-OESTE,MASCULINO,FULANO DE TAL
732,4024,SULDESTE,MASCULINO,BELTRANO DE TAL
733,1302,SULDESTE,FEMININO,BELTRANO DE TAL
734,5318,SULDESTE,FEMININO,BELTRANO DE TAL
735,4388,NORDESTE,FEMININO,FULANO DE TAL
736,2167,SULDESTE,MASCULINO,FULANO DE TAL
737,8550,SULDESTE,MASCULINO,CICRANO DE TAL
738,4313,SULDESTE,FEMININO,FULANO DE TAL
739,2399,NORDESTE,FEMININO,BELTRANO DE TAL
740,2719,SULDESTE,FEMININO,BELTRANO DE TAL
741,1108,SULDESTE,FEMININO,BELTRANO DE TAL
742,8960,NORDESTE,FEMININO,BELTRANO DE TAL
743,1879,SULDESTE,FEMININO,CICRANO DE TAL
744,2082,CENTRO-OESTE,FEMININO,CICRANO DE TAL
745,9311,SUL,FEMININO,BELTRANO DE TAL
746,6008,SUL,MASCULINO,BELTRANO DE TAL
747,5937,SUL,MASCULINO,FULANO DE TAL
748,4123,SUL,MASCULINO,FULANO DE TAL
749,9476,NORTE,FEMININO,BELTRANO DE TAL
750,1303,SUL,FEMININO,FULANO DE TAL
751,3143,SUL,FEMININO,FULANO DE TAL
752,1238,SULDESTE,MASCULINO,FULANO DE TAL
753,7821,CENTRO-OESTE,FEMININO,FULANO DE TAL
754,7040,CENTRO-OESTE,MASCULINO,FULANO DE TAL
755,3986,SULDESTE,FEMININO,FULANO DE TAL
756,2663,SUL,MASCULINO,BELTRANO DE TAL
757,8206,SULDESTE,FEMININO,CICRANO DE TAL
758,4641,SULDESTE,FEMININO,BELTRANO DE TAL
759,6614,SULDESTE,MASCULINO,FULANO DE TAL
760,5967,CENTRO-OESTE,MASCULINO,BELTRANO DE TAL
761,4145,SULDESTE,FEMININO,BELTRANO DE TAL
762,5867,CENTRO-OESTE,MASCULINO,BELTRANO DE TAL
763,2827,CENTRO-OESTE,FEMININO,BELTRANO DE TAL
764,6307,CENTRO-OESTE,MASCULINO,BELTRANO DE TAL
765,7701,NORDESTE,MASCULINO,BELTRANO DE TAL
766,1626,SULDESTE,FEMININO,FULANO DE TAL
767,9454,NORDESTE,FEMININO,FULANO DE TAL
768,3357,SULDESTE,FEMININO,FULANO DE TAL
769,7971,SULDESTE,MASCULINO,CICRANO DE TAL
770,6551,CENTRO-OESTE,MASCULINO,CICRANO DE TAL
771,3132,SULDESTE,FEMININO,BELTRANO DE TAL
772,7739,SULDESTE,FEMININO,FULANO DE TAL
773,3203,SUL,FEMININO,CICRANO DE TAL
774,5633,SULDESTE,FEMININO,BELTRANO DE TAL
775,2439,SUL,FEMININO,BELTRANO DE TAL
776,8775,SULDESTE,MASCULINO,BELTRANO DE TAL
777,5603,SULDESTE,MASCULINO,BELTRANO DE TAL
778,5760,CENTRO-OESTE,MASCULINO,BELTRANO DE TAL
779,6054,NORDESTE,FEMININO,FULANO DE TAL
780,3244,SULDESTE,FEMININO,FULANO DE TAL
781,8015,SULDESTE,MASCULINO,CICRANO DE TAL
782,7995,SUL,MASCULINO,FULANO DE TAL
783,4035,CENTRO-OESTE,MASCULINO,BELTRANO DE TAL
784,3426,NORTE,MASCULINO,FULANO DE TAL
785,8945,CENTRO-OESTE,MASCULINO,BELTRANO DE TAL
786,6810,SUL,MASCULINO,BELTRANO DE TAL
787,5947,SUL,MASCULINO,FULANO DE TAL
788,8032,SULDESTE,FEMININO,FULANO DE TAL
789,9798,SULDESTE,FEMININO,FULANO DE TAL
790,3683,SULDESTE,MASCULINO,FULANO DE TAL
791,4707,SULDESTE,MASCULINO,CICRANO DE TAL
792,1763,SULDESTE,MASCULINO,BELTRANO DE TAL
793,1137,SULDESTE,FEMININO,FULANO DE TAL
794,6881,CENTRO-OESTE,MASCULINO,FULANO DE TAL
795,8250,SUL,FEMININO,BELTRANO DE TAL
796,8649,SULDESTE,FEMININO,BELTRANO DE TAL
797,9875,NORTE,FEMININO,CICRANO DE TAL
798,5994,SUL,FEMININO,FULANO DE TAL
799,4385,SULDESTE,FEMININO,FULANO DE TAL
800,2489,NORTE,MASCULINO,BELTRANO DE TAL
801,6815,SULDESTE,MASCULINO,BELTRANO DE TAL
802,7061,SULDESTE,FEMININO,BELTRANO DE TAL
803,4292,CENTRO-OESTE,MASCULINO,CICRANO DE TAL
804,9179,NORTE,FEMININO,FULANO DE TAL
805,2799,SULDESTE,FEMININO,BELTRANO DE TAL
806,1911,NORTE,FEMININO,BELTRANO DE TAL
807,4495,SULDESTE,MASCULINO,BELTRANO DE TAL
808,9154,SUL,FEMININO,CICRANO DE TAL
809,3292,CENTRO-OESTE,MASCULINO,BELTRANO DE TAL
810,8372,SULDESTE,FEMININO,BELTRANO DE TAL
811,3194,SULDESTE,MASCULINO,FULANO DE TAL
812,1612,SUL,FEMININO,BELTRANO DE TAL
813,7745,CENTRO-OESTE,FEMININO,BELTRANO DE TAL
814,9654,CENTRO-OESTE,MASCULINO,FULANO DE TAL
815,6028,SUL,MASCULINO,BELTRANO DE TAL
816,9955,SULDESTE,FEMININO,BELTRANO DE TAL
817,6779,NORTE,MASCULINO,BELTRANO DE TAL
818,6706,NORDESTE,FEMININO,CICRANO DE TAL
819,1571,SULDESTE,FEMININO,BELTRANO DE TAL
820,1964,CENTRO-OESTE,FEMININO,FULANO DE TAL
821,6421,SULDESTE,MASCULINO,BELTRANO DE TAL
822,6711,CENTRO-OESTE,FEMININO,BELTRANO DE TAL
823,8791,SULDESTE,FEMININO,CICRANO DE TAL
824,8913,SUL,FEMININO,BELTRANO DE TAL
825,8683,NORTE,MASCULINO,BELTRANO DE TAL
826,2917,SUL,MASCULINO,CICRANO DE TAL
827,2652,CENTRO-OESTE,MASCULINO,CICRANO DE TAL
828,7841,CENTRO-OESTE,MASCULINO,BELTRANO DE TAL
829,9546,NORTE,FEMININO,FULANO DE TAL
830,3675,CENTRO-OESTE,MASCULINO,BELTRANO DE TAL
831,7587,SULDESTE,MASCULINO,FULANO DE TAL
832,2029,SUL,FEMININO,FULANO DE TAL
833,2280,SULDESTE,FEMININO,BELTRANO DE TAL
834,3213,CENTRO-OESTE,MASCULINO,BELTRANO DE TAL
835,7893,SULDESTE,MASCULINO,CICRANO DE TAL
836,3854,SULDESTE,MASCULINO,BELTRANO DE TAL
837,8119,SULDESTE,FEMININO,BELTRANO DE TAL
838,2064,NORDESTE,FEMININO,FULANO DE TAL
839,6227,NORDESTE,MASCULINO,BELTRANO DE TAL
840,4781,CENTRO-OESTE,FEMININO,BELTRANO DE TAL
841,4154,SULDESTE,MASCULINO,BELTRANO DE TAL
842,8475,NORTE,MASCULINO,CICRANO DE TAL
843,5988,SULDESTE,FEMININO,BELTRANO DE TAL
844,9824,SUL,FEMININO,BELTRANO DE TAL
845,1777,NORTE,FEMININO,BELTRANO DE TAL
846,7174,SULDESTE,MASCULINO,CICRANO DE TAL
847,3128,SULDESTE,FEMININO,BELTRANO DE TAL
848,9483,NORTE,MASCULINO,CICRANO DE TAL
849,4415,SUL,FEMININO,BELTRANO DE TAL
850,1700,CENTRO-OESTE,MASCULINO,FULANO DE TAL
851,2492,CENTRO-OESTE,MASCULINO,FULANO DE TAL
852,8930,CENTRO-OESTE,MASCULINO,BELTRANO DE TAL
853,5217,SUL,MASCULINO,CICRANO DE TAL
854,5928,SULDESTE,MASCULINO,FULANO DE TAL
855,8694,SULDESTE,MASCULINO,CICRANO DE TAL
856,4552,NORTE,FEMININO,BELTRANO DE TAL
857,3389,SULDESTE,MASCULINO,FULANO DE TAL
858,6945,SULDESTE,MASCULINO,BELTRANO DE TAL
859,8362,SULDESTE,FEMININO,BELTRANO DE TAL
860,2287,CENTRO-OESTE,FEMININO,FULANO DE TAL
861,8262,CENTRO-OESTE,FEMININO,CICRANO DE TAL
862,3153,SULDESTE,FEMININO,BELTRANO DE TAL
863,5091,SUL,MASCULINO,FULANO DE TAL
864,2531,SUL,FEMININO,BELTRANO DE TAL
865,1243,NORDESTE,FEMININO,BELTRANO DE TAL
866,2354,CENTRO-OESTE,MASCULINO,FULANO DE TAL
867,5232,NORTE,FEMININO,FULANO DE TAL
868,5724,SUL,FEMININO,FULANO DE TAL
869,5382,CENTRO-OESTE,FEMININO,BELTRANO DE TAL
870,1306,NORDESTE,MASCULINO,BELTRANO DE TAL
871,1281,NORDESTE,MASCULINO,BELTRANO DE TAL
872,3237,SUL,FEMININO,BELTRANO DE TAL
873,8870,SUL,MASCULINO,BELTRANO DE TAL
874,9968,NORTE,MASCULINO,BELTRANO DE TAL
875,5520,SUL,MASCULINO,BELTRANO DE TAL
876,6934,NORDESTE,FEMININO,FULANO DE TAL
877,9437,CENTRO-OESTE,MASCULINO,FULANO DE TAL
878,9365,SULDESTE,MASCULINO,FULANO DE TAL
879,9169,SULDESTE,FEMININO,BELTRANO DE TAL
880,8846,SULDESTE,MASCULINO,FULANO DE TAL
881,3392,NORTE,FEMININO,BELTRANO DE TAL
882,4771,NORTE,FEMININO,BELTRANO DE TAL
883,9780,CENTRO-OESTE,FEMININO,FULANO DE TAL
884,9344,SULDESTE,MASCULINO,FULANO DE TAL
885,6134,SUL,FEMININO,FULANO DE TAL
886,1630,SULDESTE,MASCULINO,CICRANO DE TAL
887,2395,NORDESTE,MASCULINO,BELTRANO DE TAL
888,7271,NORTE,MASCULINO,BELTRANO DE TAL
889,6676,CENTRO-OESTE,MASCULINO,BELTRANO DE TAL
890,5652,NORDESTE,MASCULINO,BELTRANO DE TAL
891,9436,SULDESTE,MASCULINO,BELTRANO DE TAL
892,2964,SULDESTE,FEMININO,BELTRANO DE TAL
893,9741,NORTE,FEMININO,FULANO DE TAL
894,6894,SULDESTE,FEMININO,CICRANO DE TAL
895,5296,SULDESTE,MASCULINO,FULANO DE TAL
896,4009,SULDESTE,MASCULINO,BELTRANO DE TAL
897,1033,CENTRO-OESTE,MASCULINO,FULANO DE TAL
898,7884,SULDESTE,MASCULINO,CICRANO DE TAL
899,7619,NORDESTE,FEMININO,BELTRANO DE TAL
900,6269,SUL,MASCULINO,CICRANO DE TAL
901,5794,SUL,FEMININO,FULANO DE TAL
902,9792,SUL,FEMININO,FULANO DE TAL
903,4824,NORDESTE,FEMININO,FULANO DE TAL
904,8111,CENTRO-OESTE,FEMININO,BELTRANO DE TAL
905,1960,CENTRO-OESTE,FEMININO,CICRANO DE TAL
906,6856,NORDESTE,MASCULINO,CICRANO DE TAL
907,6893,NORTE,MASCULINO,FULANO DE TAL
908,8031,SULDESTE,FEMININO,FULANO DE TAL
909,7466,CENTRO-OESTE,MASCULINO,BELTRANO DE TAL
910,5723,NORDESTE,MASCULINO,BELTRANO DE TAL
911,7151,SUL,MASCULINO,BELTRANO DE TAL
912,4068,SULDESTE,FEMININO,CICRANO DE TAL
913,4794,CENTRO-OESTE,FEMININO,FULANO DE TAL
914,6286,CENTRO-OESTE,MASCULINO,FULANO DE TAL
915,5775,CENTRO-OESTE,FEMININO,BELTRANO DE TAL
916,7196,SULDESTE,MASCULINO,BELTRANO DE TAL
917,4076,SULDESTE,FEMININO,BELTRANO DE TAL
918,2907,SULDESTE,MASCULINO,FULANO DE TAL
919,2741,SULDESTE,FEMININO,CICRANO DE TAL
920,6543,SULDESTE,FEMININO,BELTRANO DE TAL
921,2786,SULDESTE,MASCULINO,FULANO DE TAL
922,5285,SUL,FEMININO,FULANO DE TAL
923,7828,SULDESTE,FEMININO,CICRANO DE TAL
924,3353,SUL,FEMININO,CICRANO DE TAL
925,3501,SULDESTE,FEMININO,BELTRANO DE TAL
926,1734,SULDESTE,MASCULINO,FULANO DE TAL
927,9122,CENTRO-OESTE,FEMININO,BELTRANO DE TAL
928,2396,SULDESTE,FEMININO,FULANO DE TAL
929,4395,SULDESTE,FEMININO,FULANO DE TAL
930,8856,CENTRO-OESTE,MASCULINO,BELTRANO DE TAL
931,3617,SULDESTE,MASCULINO,BELTRANO DE TAL
932,8608,CENTRO-OESTE,MASCULINO,BELTRANO DE TAL
933,7756,SUL,MASCULINO,FULANO DE TAL
934,4223,SUL,MASCULINO,CICRANO DE TAL
935,5783,SULDESTE,MASCULINO,FULANO DE TAL
936,2868,SUL,MASCULINO,FULANO DE TAL
937,2877,NORTE,FEMININO,BELTRANO DE TAL
938,4955,SULDESTE,MASCULINO,BELTRANO DE TAL
939,2888,SULDESTE,MASCULINO,CICRANO DE TAL
940,7132,SULDESTE,MASCULINO,BELTRANO DE TAL
941,5722,NORDESTE,MASCULINO,BELTRANO DE TAL
942,7195,NORDESTE,FEMININO,BELTRANO DE TAL
943,6874,CENTRO-OESTE,MASCULINO,BELTRANO DE TAL
944,9080,SULDESTE,FEMININO,CICRANO DE TAL
945,3725,SULDESTE,MASCULINO,BELTRANO DE TAL
946,3308,SUL,FEMININO,BELTRANO DE TAL
947,5526,SULDESTE,FEMININO,CICRANO DE TAL
948,7757,SULDESTE,FEMININO,CICRANO DE TAL
949,2042,NORTE,MASCULINO,FULANO DE TAL
950,6791,SULDESTE,MASCULINO,FULANO DE TAL
951,8143,NORDESTE,FEMININO,BELTRANO DE TAL
952,8822,SULDESTE,FEMININO,CICRANO DE TAL
953,1801,CENTRO-OESTE,FEMININO,CICRANO DE TAL
954,2352,SUL,FEMININO,BELTRANO DE TAL
955,1215,SULDESTE,MASCULINO,BELTRANO DE TAL
956,9192,CENTRO-OESTE,MASCULINO,BELTRANO DE TAL
957,9623,SULDESTE,FEMININO,BELTRANO DE TAL
958,5099,SUL,FEMININO,BELTRANO DE TAL
959,3344,CENTRO-OESTE,FEMININO,FULANO DE TAL
960,2432,CENTRO-OESTE,FEMININO,FULANO DE TAL
961,2988,SUL,FEMININO,BELTRANO DE TAL
962,6516,NORTE,FEMININO,BELTRANO DE TAL
963,6674,SULDESTE,MASCULINO,BELTRANO DE TAL
964,9211,SUL,FEMININO,BELTRANO DE TAL
965,1034,SUL,FEMININO,BELTRANO DE TAL
966,1458,CENTRO-OESTE,FEMININO,BELTRANO DE TAL
967,1651,NORDESTE,MASCULINO,CICRANO DE TAL
968,4309,SULDESTE,FEMININO,FULANO DE TAL
969,8548,CENTRO-OESTE,FEMININO,BELTRANO DE TAL
970,3609,SULDESTE,FEMININO,BELTRANO DE TAL
971,2383,NORTE,FEMININO,BELTRANO DE TAL
972,1277,SULDESTE,MASCULINO,BELTRANO DE TAL
973,7399,CENTRO-OESTE,MASCULINO,FULANO DE TAL
974,4607,CENTRO-OESTE,MASCULINO,FULANO DE TAL
975,9452,SULDESTE,FEMININO,FULANO DE TAL
976,2030,CENTRO-OESTE,FEMININO,FULANO DE TAL
977,9304,SUL,MASCULINO,FULANO DE TAL
978,2521,CENTRO-OESTE,MASCULINO,CICRANO DE TAL
979,9718,CENTRO-OESTE,FEMININO,BELTRANO DE TAL
980,2177,NORDESTE,MASCULINO,BELTRANO DE TAL
981,3465,SULDESTE,MASCULINO,FULANO DE TAL
982,3167,SULDESTE,MASCULINO,FULANO DE TAL
983,8580,CENTRO-OESTE,FEMININO,FULANO DE TAL
984,6596,SUL,FEMININO,FULANO DE TAL
985,3959,NORDESTE,MASCULINO,FULANO DE TAL
986,2440,SUL,MASCULINO,FULANO DE TAL
987,1057,SULDESTE,MASCULINO,BELTRANO DE TAL
988,5504,SUL,MASCULINO,FULANO DE TAL
989,7797,CENTRO-OESTE,FEMININO,CICRANO DE TAL
990,8921,SULDESTE,MASCULINO,BELTRANO DE TAL
991,3339,CENTRO-OESTE,MASCULINO,BELTRANO DE TAL
992,1816,SULDESTE,MASCULINO,BELTRANO DE TAL
993,8732,CENTRO-OESTE,FEMININO,FULANO DE TAL
994,2753,CENTRO-OESTE,MASCULINO,FULANO DE TAL
995,1945,SULDESTE,MASCULINO,BELTRANO DE TAL
996,2229,SULDESTE,FEMININO,CICRANO DE TAL
997,9638,SULDESTE,FEMININO,BELTRANO DE TAL
998,1280,NORDESTE,FEMININO,BELTRANO DE TAL
999,3023,SULDESTE,FEMININO,FULANO DE TAL
